INSERT INTO BloodType VALUES
	(1, '0'),
	(2, 'A'),
	(3, 'B'),
	(4, 'AB');

INSERT INTO RhFactor VALUES
	(1, '+'),
	(2, '-');

INSERT INTO Inventory VALUES
	('1', '1', NULL),
    ('1', '2', NULL),
    ('2', '1', NULL),
	('2', '2', NULL),
    ('3', '1', NULL),
    ('3', '2', NULL),
    ('4', '1', NULL),
    ('4', '2', NULL);

INSERT INTO Donator_Level VALUES
	(1, 'Brak'),
	(2, 'Meritorious Honorable Blood Donor 3 st'),
	(3, 'Meritorious Honorable Blood Donor 2 st'),
	(4, 'Meritorious Honorable Blood Donor 1 st');

INSERT INTO Institutions VALUES
	(NULL, 'Institution_A', '1122334455', 'instytucja_A@example.com', 'ul. Limanowa 1A', '01-234', 'Warszawa'),
	(NULL, 'Institution_B', '6677889900', 'instytucja_B@example.com', 'ul. Brzozowa 1B', '01-567', 'Warszawa');

INSERT INTO Staff (ID_Staff, first_name,last_name, phone_number, email, phlebotomist) VALUES
	(NULL, 'Gregory', 'House', '123456789', 'drghouse@example.com', 'Doctor'),
	(NULL, 'Czesław', 'Basen', '123456788', 'cbasen@example.com', 'Doctor'),
	(NULL, 'Barbara', 'Es', '123456787', 'bes@example.com', 'Nurse'),
	(NULL, 'Joanna', 'Zgórzak', '123456786', 'jzgorzak@example.com', 'Nurse'),
	(NULL, 'Tomasz', 'Balon', '123456785', 'tbalon@example.com', 'Nurse');

INSERT INTO Patients (ID_Patient, first_name, last_name, gender, phone_number, email, address_street, address_zipcode, address_city, ID_BloodType, ID_RhFactor, DonatedAmount, ID_Donator_Level) VALUES
	(NULL, 'Adam', 'Kowalski', 'M', '123456789', 'adam.kowalski@example.com', 'ul. Prosta 1', '00-001', 'Warszawa', 1, 1, NULL, NULL),
	(NULL, 'Ewa', 'Nowak', 'F', '234567890', 'ewa.nowak@example.com', 'ul. Kwiatowa 2', '00-002', 'Warszawa', 2, 1, NULL, NULL),
	(NULL, 'Jan', 'Kwiatkowski', 'M', '345678901', 'jan.kwiatkowski@example.com', 'ul. Ogrodowa 3', '00-003', 'Warszawa', 3, 1, NULL, NULL),
	(NULL, 'Maria', 'Wójcik', 'F', '456789012', 'maria.wojcik@example.com', 'ul. Słoneczna 4', '00-004', 'Warszawa', 1, 1, NULL, NULL),
	(NULL, 'Piotr', 'Kaczmarek', 'M', '567890123', 'piotr.kaczmarek@example.com', 'ul. Parkowa 5', '00-005', 'Warszawa', 1, 1, NULL, NULL),
	(NULL, 'Anna', 'Zielińska', 'F', '678901234', 'anna.zielinska@example.com', 'ul. Leśna 6', '00-006', 'Warszawa', 1, 1, NULL, NULL),
	(NULL, 'Tomasz', 'Szymański', 'M', '789012345', 'tomasz.szymanski@example.com', 'ul. Żwirki i Wigury 7', '00-007', 'Warszawa', 3, 2, NULL, NULL),
	(NULL, 'Magdalena', 'Woźniak', 'F', '890123456', 'magdalena.wozniak@example.com', 'ul. Ceglana 8', '00-008', 'Warszawa', 1, 2, NULL, NULL),
	(NULL, 'Marcin', 'Dąbrowski', 'M', '901234567', 'marcin.dabrowski@example.com', 'ul. Miodowa 9', '00-009', 'Warszawa', 1, 1, NULL, NULL),
	(NULL, 'Agata', 'Kozłowska', 'F', '012345678', 'agata.kozlowska@example.com', 'ul. Brzozowa 10', '00-010', 'Warszawa', 4, 1, NULL, NULL),
	(NULL, 'Michał', 'Lewandowski', 'M', '123456789', 'michal.lewandowski@example.com', 'ul. Lipowa 11', '00-011', 'Warszawa', 3, 2, NULL, NULL),
	(NULL, 'Jan', 'Kowalski', 'M', '111222333', 'jan.kowalski@example.com', 'ul. Kwiatowa 1', '00-001', 'Warszawa', 1, 1, NULL, NULL),
	(NULL, 'Adam', 'Nowak', 'M', '111222334', 'adam.nowak@example.com', 'ul. Lipowa 2', '00-002', 'Warszawa', 1, 1, NULL, NULL),
	(NULL, 'Piotr', 'Szymański', 'M', '111222335', 'piotr.szymanski@example.com', 'ul. Różana 3', '00-003', 'Warszawa', 2, 1, NULL, NULL),
	(NULL, 'Michał', 'Kaczmarek', 'M', '111222336', 'michal.kaczmarek@example.com', 'ul. Szczęśliwa 4', '00-004', 'Warszawa', 1, 1, NULL, NULL),
	(NULL, 'Jakub', 'Wójcik', 'M', '111222337', 'jakub.wojcik@example.com', 'ul. Słoneczna 5', '00-005', 'Warszawa', 3, 1, NULL, NULL),
	(NULL, 'Kacper', 'Jankowski', 'M', '111222338', 'kacper.jankowski@example.com', 'ul. Kwiatowa 6', '00-006', 'Warszawa', 1, 1, NULL, NULL),
	(NULL, 'Bartłomiej', 'Mazur', 'M', '111222339', 'bartlomiej.mazur@example.com', 'ul. Lipowa 7', '00-007', 'Warszawa', 4, 1, NULL, NULL),
	(NULL, 'Tomasz', 'Kalinowski', 'M', '111222340', 'tomasz.kalinowski@example.com', 'ul. Różana 8', '00-008', 'Warszawa', 2, 1, NULL, NULL),
	(NULL, 'Karol', 'Krupa', 'M', '111222341', 'karol.krupa@example.com', 'ul. Szczęśliwa 9', '00-009', 'Warszawa', 3, 1, NULL, NULL),
	(NULL, 'Łukasz', 'Kaczmarczyk', 'M', '111222342', 'lukasz.kaczmarczyk@example.com', 'ul. Słoneczna 10', '00-010', 'Warszawa', 1, 2, NULL, NULL),
	(NULL, 'Aleksander', 'Adamczyk', 'M', '111222343', 'aleksander.adamczyk@example.com', 'ul. Kwiatowa 11', '00-011', 'Warszawa', 2, 2, NULL, NULL),
	(NULL, 'Piotr', 'Nowak', 'M', '123456789', 'piotr.nowak@example.com', 'ul. Lipowa 10', '00-001', 'Warszawa', 1, 1, NULL, NULL),
	(NULL, 'Anna', 'Kowalska', 'F', '234567890', 'anna.kowalska@example.com', 'ul. Długa 5', '80-001', 'Gdańsk', 1, 2, NULL, NULL),
	(NULL, 'Mateusz', 'Wiśniewski', 'M', '345678901', 'mateusz.wisniewski@example.com', 'ul. Słoneczna 3', '30-001', 'Kraków', 3, 1, NULL, NULL),
	(NULL, 'Katarzyna', 'Dąbrowska', 'F', '456789012', 'katarzyna.dabrowska@example.com', 'ul. Zielona 6', '50-001', 'Wrocław', 4, 2, NULL, NULL),
	(NULL, 'Jan', 'Lewandowski', 'M', '567890123', 'jan.lewandowski@example.com', 'ul. Główna 8', '70-001', 'Szczecin', 1, 1, NULL, NULL),
	(NULL, 'Karolina', 'Wójcik', 'F', '678901234', 'karolina.wojcik@example.com', 'ul. Krótka 2', '20-001', 'Lublin', 2, 1, NULL, NULL),
	(NULL, 'Marcin', 'Kamiński', 'M', '789012345', 'marcin.kaminski@example.com', 'ul. Szkolna 7', '40-001', 'Katowice', 3, 1, NULL, NULL),
	(NULL, 'Magdalena', 'Kowalczyk', 'F', '890123456', 'magdalena.kowalczyk@example.com', 'ul. Składowa 4', '60-001', 'Poznań', 2, 1, NULL, NULL),
	(NULL, 'Krzysztof', 'Zieliński', 'M', '901234567', 'krzysztof.zielinski@example.com', 'ul. Kościuszki 12', '90-001', 'Łódź', 1, 1, NULL, NULL),
	(NULL, 'Jan', 'Kowalski', 'M', '123456789', 'jan.kowalski@example.com', 'ul. Kolorowa 1', '00-001', 'Warszawa', 1, 1, NULL, NULL),
	(NULL, 'Anna', 'Nowak', 'F', '123456789', 'anna.nowak@example.com', 'ul. Kwiatowa 2', '00-002', 'Warszawa', 2, 1, NULL, NULL),
	(NULL, 'Piotr', 'Wójcik', 'M', '123456789', 'piotr.wojcik@example.com', 'ul. Zielona 3', '00-003', 'Warszawa', 3, 1, NULL, NULL),
	(NULL, 'Aleksandra', 'Kowalczyk', 'F', '123456789', 'aleksandra.kowalczyk@example.com', 'ul. Czerwona 4', '00-004', 'Warszawa', 2, 1, NULL, NULL),
	(NULL, 'Tomasz', 'Kaczmarek', 'M', '123456789', 'tomasz.kaczmarek@example.com', 'ul. Żółta 5', '00-005', 'Warszawa', 1, 1, NULL, NULL),
	(NULL, 'Katarzyna', 'Mazur', 'F', '123456789', 'katarzyna.mazur@example.com', 'ul. Błękitna 6', '00-006', 'Warszawa', 2, 1, NULL, NULL),
	(NULL, 'Marcin', 'Kalinowski', 'M', '123456789', 'marcin.kalinowski@example.com', 'ul. Fioletowa 7', '00-007', 'Warszawa', 3, 1, NULL, NULL),
	(NULL, 'Magdalena', 'Czerwińska', 'F', '123456789', 'magdalena.czerwinska@example.com', 'ul. Pomarańczowa 8', '00-008', 'Warszawa', 2, 1, NULL, NULL),
	(NULL, 'Adam', 'Lewandowski', 'M', '123456789', 'adam.lewandowski@example.com', 'ul. Szara 9', '00-009', 'Warszawa', 1, 1, NULL, NULL),
	(NULL, 'Karolina', 'Szymańska', 'F', '123456789', 'karolina.szymanska@example.com', 'ul. Granatowa 10', '00-010', 'Warszawa', 2, 1, NULL, NULL),
	(NULL, 'Krzysztof', 'Dąbrowski', 'M', '123456789', 'krzysztof.dabrowski@example.com', 'ul. Beżowa 11', '00-011', 'Warszawa', 3, 1, NULL, NULL),
	(NULL, 'Jan', 'Kowalski', 'M', '123456789', 'jan.kowalski@example.com', 'ul. Zielona 2', '12-345', 'Warszawa', 4, 1, NULL, NULL),
	(NULL, 'Adam', 'Nowak', 'M', '987654321', 'adam.nowak@example.com', 'ul. Czerwona 4', '23-456', 'Kraków', 2, 1, NULL, NULL),
	(NULL, 'Katarzyna', 'Nowakowska', 'F', '111222333', 'katarzyna.nowakowska@example.com', 'ul. Błękitna 6', '34-567', 'Gdańsk', 1, 1, NULL, NULL),
	(NULL, 'Piotr', 'Czarnecki', 'M', '444555666', 'piotr.czarnecki@example.com', 'ul. Żółta 8', '45-678', 'Wrocław', 3, 1, NULL, NULL),
	(NULL, 'Anna', 'Kwiatkowska', 'F', '777888999', 'anna.kwiatkowska@example.com', 'ul. Pomarańczowa 10', '56-789', 'Katowice', 2, 1, NULL, NULL),
	(NULL, 'Tomasz', 'Szymański', 'M', '222333444', 'tomasz.szymanski@example.com', 'ul. Fioletowa 12', '67-890', 'Poznań', 2, 1, NULL, NULL),
	(NULL, 'Magdalena', 'Wójcik', 'F', '555666777', 'magdalena.wojcik@example.com', 'ul. Czarna 14', '78-901', 'Lublin', 3, 1, NULL, NULL),
	(NULL, 'Marcin', 'Kaczmarek', 'M', '888999000', 'marcin.kaczmarek@example.com', 'ul. Szara 16', '89-012', 'Łódź', 1, 1, NULL, NULL),
	(NULL, 'Iwona', 'Grabowska', 'F', '333444555', 'iwona.grabowska@example.com', 'ul. Różowa 18', '90-123', 'Szczecin', 2, 1, NULL, NULL),
	(NULL, 'Grzegorz', 'Lewandowski', 'M', '666777888', 'grzegorz.lewandowski@example.com', 'ul. Biała 20', '01-234', 'Gdynia', 2, 1, NULL, NULL),
	(NULL, 'Jan', 'Nowak', 'M', '555234567', 'jan.nowak@gmail.com', 'ul. Stara 2', '02-002', 'Kraków', 2, 1, NULL, NULL),
	(NULL, 'Aleksandra', 'Wiśniewska', 'F', '555345678', 'aleksandra.wisniewska@gmail.com', 'ul. Zielona 3', '03-003', 'Gdańsk', 3, 1, NULL, NULL),
	(NULL, 'Michał', 'Kaczmarek', 'M', '555456789', 'michal.kaczmarek@gmail.com', 'ul. Kwiatowa 4', '04-004', 'Poznań', 2, 1, NULL, NULL),
	(NULL, 'Agnieszka', 'Lewandowska', 'F', '555567890', 'agnieszka.lewandowska@gmail.com', 'ul. Różana 5', '05-005', 'Katowice', 1, 1, NULL, NULL),
	(NULL, 'Bartosz', 'Dąbrowski', 'M', '555678901', 'bartosz.dabrowski@gmail.com', 'ul. Piękna 6', '06-006', 'Łódź', 2, 1, NULL, NULL),
	(NULL, 'Karolina', 'Szymańska', 'F', '555789012', 'karolina.szamanska@gmail.com', 'ul. Nadbrzeżna 7', '07-007', 'Gdynia', 3, 2, NULL, NULL),
	(NULL, 'Piotr', 'Wójcik', 'M', '555890123', 'piotr.wojcik@gmail.com', 'ul. Piłsudskiego 8', '08-008', 'Kraków', 2, 1, NULL, NULL),
	(NULL, 'Małgorzata', 'Kalinowska', 'F', '555901234', 'malgorzata.kalinowska@gmail.com', 'ul. Mickiewicza 9', '09-009', 'Warszawa', 1, 1, NULL, NULL),
	(NULL, 'Krzysztof', 'Czarnecki', 'M', '555012345', 'krzysztof.czarnecki@gmail.com', 'ul. Dworcowa 10', '10-010', 'Poznań', 2, 1, NULL, NULL),
	(NULL, 'Jakub', 'Kowalski', 'M', '555123456', 'jakub.kowalski@gmail.com', 'ul. Nowa 1', '01-001', 'Warszawa', 1, 1, NULL, NULL),
	(NULL, 'Jan', 'Nowak', 'M', '555234567', 'jan.nowak@gmail.com', 'ul. Stara 2', '02-002', 'Kraków', 2, 1, NULL, NULL),
	(NULL, 'Aleksandra', 'Wiśniewska', 'F', '555345678', 'aleksandra.wisniewska@gmail.com', 'ul. Zielona 3', '03-003', 'Gdańsk', 3, 1, NULL, NULL),
	(NULL, 'Michał', 'Kaczmarek', 'M', '555456789', 'michal.kaczmarek@gmail.com', 'ul. Kwiatowa 4', '04-004', 'Poznań', 4, 1, NULL, NULL),
	(NULL, 'Agnieszka', 'Lewandowska', 'F', '555567890', 'agnieszka.lewandowska@gmail.com', 'ul. Różana 5', '05-005', 'Katowice', 1, 1, NULL, NULL),
	(NULL, 'Bartosz', 'Dąbrowski', 'M', '555678901', 'bartosz.dabrowski@gmail.com', 'ul. Piękna 6', '06-006', 'Łódź', 2, 1, NULL, NULL),
	(NULL, 'Karolina', 'Szymańska', 'F', '555789012', 'karolina.szamanska@gmail.com', 'ul. Nadbrzeżna 7', '07-007', 'Gdynia', 3, 1, NULL, NULL),
	(NULL, 'Piotr', 'Wójcik', 'M', '555890123', 'piotr.wojcik@gmail.com', 'ul. Piłsudskiego 8', '08-008', 'Kraków', 4, 1, NULL, NULL),
	(NULL, 'Małgorzata', 'Kalinowska', 'F', '555901234', 'malgorzata.kalinowska@gmail.com', 'ul. Mickiewicza 9', '09-009', 'Warszawa', 1, 1, NULL, NULL),
	(NULL, 'Krzysztof', 'Czarnecki', 'M', '555012345', 'krzysztof.czarnecki@gmail.com', 'ul. Dworcowa 10', '10-010', 'Poznań', 2, 1, NULL, NULL),
	(NULL, 'Małgorzata', 'Kalinowska', 'F', '555901234', 'malgorzata.kalinowska@gmail.com', 'ul. Mickiewicza 9', '09-009', 'Warszawa', 1, 1, NULL, NULL),
	(NULL, 'Krzysztof', 'Czarnecki', 'M', '555012345', 'krzysztof.czarnecki@gmail.com', 'ul. Dworcowa 10', '10-010', 'Poznań', 2, 1, NULL, NULL),
	(NULL, 'Kacper', 'Kowalski', 'M', '111222333', 'kacper.kowalski@mail.com', 'ul. Długa 5', '12-345', 'Warszawa', 1, 1, NULL, NULL),
	(NULL, 'Julia', 'Nowak', 'F', '444555666', 'julia.nowak@mail.com', 'ul. Krótka 8', '12-345', 'Kraków', 2, 1, NULL, NULL),
	(NULL, 'Mateusz', 'Wiśniewski', 'M', '777888999', 'mateusz.wisniewski@mail.com', 'ul. Słoneczna 1', '12-345', 'Gdańsk', 3, 1, NULL, NULL),
	(NULL, 'Zuzanna', 'Wójcik', 'F', '111222333', 'zuzanna.wojcik@mail.com', 'ul. Zielona 10', '12-345', 'Warszawa', 2, 1, NULL, NULL),
	(NULL, 'Piotr', 'Kaczmarek', 'M', '444555666', 'piotr.kaczmarek@mail.com', 'ul. Wiejska 2', '12-345', 'Poznań', 1, 1, NULL, NULL),
	(NULL, 'Aleksandra', 'Czerwińska', 'F', '777888999', 'aleksandra.czerwinska@mail.com', 'ul. Kościuszki 20', '12-345', 'Kraków', 3, 1, NULL, NULL),
	(NULL, 'Bartosz', 'Lewandowski', 'M', '111222333', 'bartosz.lewandowski@mail.com', 'ul. Słowackiego 15', '12-345', 'Gdańsk', 1, 1, NULL, NULL),
	(NULL, 'Maja', 'Dąbrowska', 'F', '444555666', 'maja.dabrowska@mail.com', 'ul. Wrocławska 7', '12-345', 'Warszawa', 2, 1, NULL, NULL),
	(NULL, 'Jan', 'Krupa', 'M', '777888999', 'jan.krupa@mail.com', 'ul. Podgórna 3', '12-345', 'Poznań', 4, 2, NULL, NULL),
	(NULL, 'Klaudia', 'Kozłowska', 'F', '111222333', 'klaudia.kozlowska@mail.com', 'ul. Morska 4', '12-345', 'Gdańsk', 1, 1, NULL, NULL),
	(NULL, 'Adam', 'Nowak', 'M', '123456789', 'adam.nowak@test.com', 'Krakowska', '12-345', 'Warszawa', 1, 1, NULL, NULL),
	(NULL, 'Aleksandra', 'Kowalska', 'F', '111222333', 'aleksandra.kowalska@test.com', 'Wrocławska', '98-765', 'Poznań', 3, 1, NULL, NULL),
	(NULL, 'Bartosz', 'Kaczmarek', 'M', '444555666', 'bartosz.kaczmarek@test.com', 'Sienkiewicza', '11-111', 'Kraków', 2, 2, NULL, NULL),
	(NULL, 'Beata', 'Głowacka', 'F', '777888999', 'beata.glowacka@test.com', 'Kościuszki', '01-234', 'Gdańsk', 1, 1, NULL, NULL),
	(NULL, 'Cezary', 'Olszewski', 'M', '555444333', 'cezary.olszewski@test.com', 'Piłsudskiego', '23-456', 'Kraków', 2, 1, NULL, NULL),
	(NULL, 'Dorota', 'Jankowska', 'F', '222333444', 'dorota.jankowska@test.com', 'Złota', '45-678', 'Warszawa', 4, 1, NULL, NULL),
	(NULL, 'Edward', 'Kamiński', 'M', '333444555', 'edward.kaminski@test.com', 'Długa', '12-345', 'Poznań', 3, 1, NULL, NULL),
	(NULL, 'Eliza', 'Kubiak', 'F', '666777888', 'eliza.kubiak@test.com', 'Słoneczna', '67-890', 'Kraków', 2, 1, NULL, NULL),
	(NULL, 'Felicja', 'Szymańska', 'F', '999888777', 'felicja.szymanska@test.com', 'Rynek', '90-123', 'Gdańsk', 1, 1, NULL, NULL),
	(NULL, 'Filip', 'Czarnecki', 'M', '111222333', 'filip.czarnecki@test.com', 'Wrocławska', '11-111', 'Warszawa', 4, 1, NULL, NULL),
	(NULL, 'Gabriela', 'Mazurek', 'F', '444555666', 'gabriela.mazurek@test.com', 'Nowa', '22-345', 'Poznań', 4, 2, NULL, NULL),
	(NULL, 'Jakub', 'Kowalczyk', 'M', '555123456', 'jakubkowalczyk@example.com', 'Aleja Jana Pawła II', '00-001', 'Warszawa', 1, 1, NULL, NULL),
	(NULL, 'Wiktoria', 'Nowak', 'F', '555234567', 'wiktorianowak@example.com', 'ul. Kościuszki', '30-063', 'Kraków', 2, 1, NULL, NULL),
	(NULL, 'Michał', 'Wójcik', 'M', '555345678', 'michalwojcik@example.com', 'ul. Długa', '80-001', 'Gdańsk', 3, 1, NULL, NULL),
	(NULL, 'Oliwia', 'Kamińska', 'F', '555456789', 'oliwiakaminska@example.com', 'ul. Szewska', '50-001', 'Wrocław', 4, 2, NULL, NULL),
	(NULL, 'Jan', 'Kowalski', 'M', '555567890', 'jankowalski@example.com', 'ul. Słowackiego', '31-001', 'Kraków', 1, 1, NULL, NULL),
	(NULL, 'Anastazja', 'Lewandowska', 'F', '555678901', 'anastazjalewandowska@example.com', 'ul. Mickiewicza', '90-001', 'Łódź', 2, 1, NULL, NULL),
	(NULL, 'Filip', 'Dąbrowski', 'M', '555789012', 'filipdabrowski@example.com', 'ul. Kościuszki', '50-001', 'Wrocław', 3, 1, NULL, NULL),
	(NULL, 'Maja', 'Zielińska', 'F', '555890123', 'majazielinska@example.com', 'ul. Krasińskiego', '30-001', 'Kraków', 4, 2, NULL, NULL),
	(NULL, 'Mateusz', 'Szymański', 'M', '555901234', 'mateuszszymani@example.com', 'ul. Karmelicka', '31-001', 'Kraków', 1, 1, NULL, NULL),
	(NULL, 'Natalia', 'Woźniak', 'F', '555012345', 'nataliawozniak@example.com', 'ul. Stolarska', '31-001', 'Kraków', 2, 2, NULL, NULL),
	(NULL, 'Jan', 'Kowalski', 'M', '123456789', 'jan.kowalski@mail.com', 'Wiejska', '00-001', 'Warszawa', 1, 1, NULL, NULL),
	(NULL, 'Maria', 'Nowak', 'F', '987654321', 'maria.nowak@mail.com', 'Piłsudskiego', '80-001', 'Gdańsk', 2, 1, NULL, NULL),
	(NULL, 'Piotr', 'Duda', 'M', '555123789', 'piotr.duda@mail.com', 'Krakowska', '30-001', 'Kraków', 3, 2, NULL, NULL),
	(NULL, 'Marta', 'Wójcik', 'F', '123789456', 'marta.wojcik@mail.com', 'Kwiatowa', '90-001', 'Łódź', 2, 1, NULL, NULL),
	(NULL, 'Adam', 'Szymański', 'M', '456789123', 'adam.szymanski@mail.com', 'Mickiewicza', '20-001', 'Lublin', 1, 2, NULL, NULL),
	(NULL, 'Monika', 'Kaczmarek', 'F', '789456123', 'monika.kaczmarek@mail.com', 'Świętokrzyska', '50-001', 'Wrocław', 2, 1, NULL, NULL),
	(NULL, 'Tomasz', 'Wojciechowski', 'M', '456123789', 'tomasz.wojciechowski@mail.com', 'Słoneczna', '40-001', 'Katowice', 3, 1, NULL, NULL),
	(NULL, 'Alicja', 'Włodarczyk', 'F', '321654987', 'alicja.wlodarczyk@mail.com', 'Zielona', '80-001', 'Gdańsk', 2, 2, NULL, NULL),
	(NULL, 'Grzegorz', 'Wieczorek', 'M', '987654321', 'grzegorz.wieczorek@mail.com', 'Armii Krajowej', '80-001', 'Gdańsk', 1, 1, NULL, NULL),
	(NULL, 'Katarzyna', 'Jankowska', 'F', '789456123', 'katarzyna.jankowska@mail.com', 'Warszawska', '80-001', 'Gdańsk', 2, 2, NULL, NULL),
	(NULL, 'Marcin', 'Mazur', 'M', '555123789', 'marcin.mazur@mail.com', 'Północna', '00-001', 'Warszawa', 3, 2, NULL, NULL),
	(NULL, 'Adam', 'Nowak', 'M', '123456789', 'adam.nowak@example.com', 'ul. Kwiatowa 1', '01-234', 'Warszawa', 1, 1, NULL, NULL),
	(NULL, 'Ewa', 'Kowalska', 'F', '987654321', 'ewa.kowalska@example.com', 'ul. Lipowa 2', '12-345', 'Kraków', 1, 1, NULL, NULL),
	(NULL, 'Jan', 'Wiśniewski', 'M', '111222333', 'jan.wisniewski@example.com', 'ul. Polna 3', '23-456', 'Poznań', 3, 1, NULL, NULL),
	(NULL, 'Małgorzata', 'Dąbrowska', 'F', '444555666', 'malgorzata.dabrowska@example.com', 'ul. Główna 4', '34-567', 'Gdańsk', 4, 2, NULL, NULL),
	(NULL, 'Krzysztof', 'Lewandowski', 'M', '777888999', 'krzysztof.lewandowski@example.com', 'ul. Słoneczna 5', '45-678', 'Łódź', 1, 2, NULL, NULL),
	(NULL, 'Anna', 'Wójcik', 'F', '111333555', 'anna.wojcik@example.com', 'ul. Zielona 6', '56-789', 'Katowice', 1, 1, NULL, NULL),
	(NULL, 'Tomasz', 'Kamiński', 'M', '444777000', 'tomasz.kaminski@example.com', 'ul. Wiejska 7', '67-890', 'Wrocław', 3, 2, NULL, NULL),
	(NULL, 'Barbara', 'Kowalczyk', 'F', '888111444', 'barbara.kowalczyk@example.com', 'ul. Morska 8', '78-901', 'Gdynia', 2, 1, NULL, NULL),
	(NULL, 'Piotr', 'Kaczmarek', 'M', '222555888', 'piotr.kaczmarek@example.com', 'ul. Kwiatowa 9', '89-012', 'Sopot', 4, 1, NULL, NULL),
	(NULL, 'Iwona', 'Zając', 'F', '555888111', 'iwona.zajac@example.com', 'ul. Lipowa 10', '90-123', 'Szczecin', 3, 1, NULL, NULL),
	(NULL, 'Mariusz', 'Król', 'M', '222999777', 'mariusz.krol@example.com', 'ul. Polna 11', '01-456', 'Warszawa', 1, 2, NULL, NULL),
	(NULL, 'Anna', 'Nowak', 'F', '987654321', 'anna.nowak@example.com', 'ul. Kwiatowa 2', '00-002', 'Warszawa', 2, 1, NULL, NULL),
	(NULL, 'Jan', 'Kowalczyk', 'M', '654321987', 'jan.kowalczyk@example.com', 'ul. Słoneczna 3', '00-003', 'Kraków', 3, 2, NULL, NULL),
	(NULL, 'Katarzyna', 'Kaczmarek', 'F', '111222333', 'katarzyna.kaczmarek@example.com', 'ul. Główna 4', '00-004', 'Wrocław', 1, 1, NULL, NULL),
	(NULL, 'Piotr', 'Lewandowski', 'M', '444555666', 'piotr.lewandowski@example.com', 'ul. Nadbrzeżna 5', '00-005', 'Gdańsk', 2, 2, NULL, NULL),
	(NULL, 'Magdalena', 'Wójcik', 'F', '777888999', 'magdalena.wojcik@example.com', 'ul. Długa 6', '00-006', 'Katowice', 3, 1, NULL, NULL),
	(NULL, 'Michał', 'Jankowski', 'M', '555444333', 'michal.jankowski@example.com', 'ul. Krótka 7', '00-007', 'Łódź', 1, 2, NULL, NULL),
	(NULL, 'Barbara', 'Kowalewska', 'F', '222333444', 'barbara.kowalewska@example.com', 'ul. Szkolna 8', '00-008', 'Poznań', 2, 1, NULL, NULL),
	(NULL, 'Tomasz', 'Michalski', 'M', '999888777', 'tomasz.michalski@example.com', 'ul. Zielona 9', '00-009', 'Szczecin', 3, 2, NULL, NULL),
	(NULL, 'Iwona', 'Nowicka', 'F', '666777888', 'iwona.nowicka@example.com', 'ul. Kolejowa 10', '00-010', 'Kraków', 1, 1, NULL, NULL),
	(NULL, 'Marek', 'Pawlak', 'M', '333222111', 'marek.pawlak@example.com', 'ul. Polna 11', '00-011', 'Gdynia', 2, 2, NULL, NULL),
	(NULL, 'Adam', 'Kowalski', 'M', '123456789', 'adam.kowalski@example.com', 'ul. Prosta 1', '00-001', 'Warszawa', 1, 1, NULL, NULL),
	(NULL, 'Anna', 'Nowak', 'F', '987654321', 'anna.nowak@example.com', 'ul. Kwiatowa 2', '00-002', 'Warszawa', 2, 1, NULL, NULL),
	(NULL, 'Jan', 'Kowalczyk', 'M', '654321987', 'jan.kowalczyk@example.com', 'ul. Słoneczna 3', '00-003', 'Kraków', 3, 1, NULL, NULL),
	(NULL, 'Katarzyna', 'Kaczmarek', 'F', '111222333', 'katarzyna.kaczmarek@example.com', 'ul. Główna 4', '00-004', 'Wrocław', 1, 1, NULL, NULL),
	(NULL, 'Piotr', 'Lewandowski', 'M', '444555666', 'piotr.lewandowski@example.com', 'ul. Nadbrzeżna 5', '00-005', 'Gdańsk', 2, 2, NULL, NULL),
	(NULL, 'Magdalena', 'Wójcik', 'F', '777888999', 'magdalena.wojcik@example.com', 'ul. Długa 6', '00-006', 'Katowice', 3, 1, NULL, NULL),
	(NULL, 'Michał', 'Jankowski', 'M', '555444333', 'michal.jankowski@example.com', 'ul. Krótka 7', '00-007', 'Łódź', 1, 1, NULL, NULL),
	(NULL, 'Barbara', 'Kowalewska', 'F', '222333444', 'barbara.kowalewska@example.com', 'ul. Szkolna 8', '00-008', 'Poznań', 2, 1, NULL, NULL),
	(NULL, 'Tomasz', 'Michalski', 'M', '999888777', 'tomasz.michalski@example.com', 'ul. Zielona 9', '00-009', 'Szczecin', 3, 1, NULL, NULL),
	(NULL, 'Iwona', 'Nowicka', 'F', '666777888', 'iwona.nowicka@example.com', 'ul. Kolejowa 10', '00-010', 'Kraków', 1, 1, NULL, NULL),
	(NULL, 'Marek', 'Pawlak', 'M', '333222111', 'marek.pawlak@example.com', 'ul. Polna 11', '00-011', 'Gdynia', 2, 1, NULL, NULL),
	(NULL, 'Jan', 'Kowalski', 'M', '111111111', 'jan.kowalski@example.com', 'ul. Jasna 1', '00-001', 'Warszawa', 1, 1, NULL, NULL),
	(NULL, 'Piotr', 'Kowalczyk', 'M', '333333333', 'piotr.kowalczyk@example.com', 'ul. Kwiatowa 3', '00-003', 'Kraków', 3, 1, NULL, NULL),
	(NULL, 'Katarzyna', 'Lewandowska', 'F', '444444444', 'katarzyna.lewandowska@example.com', 'ul. Nadbrzeżna 4', '00-004', 'Gdańsk', 1, 1, NULL, NULL),
	(NULL, 'Tomasz', 'Wójcik', 'M', '555555555', 'tomasz.wojcik@example.com', 'ul. Długa 5', '00-005', 'Katowice', 2, 1, NULL, NULL),
	(NULL, 'Magdalena', 'Jankowska', 'F', '666666666', 'magdalena.jankowska@example.com', 'ul. Krótka 6', '00-006', 'Łódź', 3, 1, NULL, NULL),
	(NULL, 'Michał', 'Kowalewski', 'M', '777777777', 'michal.kowalewski@example.com', 'ul. Szkolna 7', '00-007', 'Poznań', 1, 1, NULL, NULL),
	(NULL, 'Barbara', 'Michalska', 'F', '888888888', 'barbara.michalska@example.com', 'ul. Zielona 8', '00-008', 'Szczecin', 2, 1, NULL, NULL),
	(NULL, 'Tadeusz', 'Nowicki', 'M', '999999999', 'tadeusz.nowicki@example.com', 'ul. Kolejowa 9', '00-009', 'Kraków', 3, 1, NULL, NULL),
	(NULL, 'Iwona', 'Pawlak', 'F', '000000000', 'iwona.pawlak@example.com', 'ul. Polna 10', '00-010', 'Gdynia', 1, 1, NULL, NULL),
	(NULL, 'Marek', 'Kaczmarek', 'M', '111111112', 'marek.kaczmarek@example.com', 'ul. Główna 11', '00-011', 'Wrocław', 2, 1, NULL, NULL),
	(NULL, 'Patrycja', 'Szymańska', 'F', '111222333', 'patrycja.szymanska@example.com', 'ul. Kwiatowa 12', '00-012', 'Warszawa', 2, 1, NULL, NULL),
	(NULL, 'Wojciech', 'Kaczmarczyk', 'M', '444555666', 'wojciech.kaczmarczyk@example.com', 'ul. Słoneczna 13', '00-013', 'Kraków', 3, 1, NULL, NULL),
	(NULL, 'Dorota', 'Kowal', 'F', '777888999', 'dorota.kowal@example.com', 'ul. Główna 14', '00-014', 'Wrocław', 1, 1, NULL, NULL),
	(NULL, 'Grzegorz', 'Krawczyk', 'M', '555444333', 'grzegorz.krawczyk@example.com', 'ul. Nadbrzeżna 15', '00-015', 'Gdańsk', 2, 1, NULL, NULL),
	(NULL, 'Klaudia', 'Kaczorowska', 'F', '222333444', 'klaudia.kaczorowska@example.com', 'ul. Długa 16', '00-016', 'Katowice', 3, 1, NULL, NULL),
	(NULL, 'Tadeusz', 'Jastrzębski', 'M', '999888777', 'tadeusz.jastrzebski@example.com', 'ul. Krótka 17', '00-017', 'Łódź', 1, 1, NULL, NULL),
	(NULL, 'Agnieszka', 'Kwiatkowska', 'F', '666777888', 'agnieszka.kwiatkowska@example.com', 'ul. Szkolna 18', '00-018', 'Poznań', 2, 1, NULL, NULL),
	(NULL, 'Maciej', 'Klimek', 'M', '333222111', 'maciej.klimek@example.com', 'ul. Zielona 19', '00-019', 'Szczecin', 3, 1, NULL, NULL),
	(NULL, 'Beata', 'Sobczak', 'F', '555444333', 'beata.sobczak@example.com', 'ul. Kolejowa 20', '00-020', 'Kraków', 1, 1, NULL, NULL),
	(NULL, 'Robert', 'Witkowski', 'M', '222333444', 'robert.witkowski@example.com', 'ul. Polna 21', '00-021', 'Gdynia', 2, 1, NULL, NULL),
	(NULL, 'Aleksandra', 'Sobczak', 'F', '605790231', 'aleksandra.sobczak@example.com', 'ul. Jana Pawła II 31', '61-752', 'Poznań', 1, 1, NULL, NULL),
	(NULL, 'Mikołaj', 'Piotrowski', 'M', '533141287', 'mikolaj.piotrowski@example.com', 'ul. Krynicka 23', '02-145', 'Warszawa', 2, 1, NULL, NULL),
	(NULL, 'Julia', 'Kaczmarek', 'F', '795274891', 'julia.kaczmarek@example.com', 'ul. Długa 44', '80-807', 'Gdańsk', 3, 1, NULL, NULL),
	(NULL, 'Filip', 'Krajewski', 'M', '536305129', 'filip.krajewski@example.com', 'ul. Kombatantów 14', '50-101', 'Wrocław', 4, 1, NULL, NULL),
	(NULL, 'Weronika', 'Błaszczyk', 'F', '778831676', 'weronika.blaszczyk@example.com', 'ul. Wojska Polskiego 92', '15-033', 'Białystok', 1, 1, NULL, NULL),
	(NULL, 'Paweł', 'Michalak', 'M', '686100338', 'pawel.michalak@example.com', 'ul. Księcia Józefa Poniatowskiego 6', '03-901', 'Warszawa', 2, 1, NULL, NULL),
	(NULL, 'Sara', 'Sikorska', 'F', '726126033', 'sara.sikorska@example.com', 'ul. Kardynała Stefana Wyszyńskiego 32', '34-120', 'Andrychów', 3, 2, NULL, NULL),
	(NULL, 'Alicja', 'Jankowska', 'F', '123456789', 'alicja.jankowska@example.com', 'ul. Świerkowa 12', '05-123', 'Warszawa', 1, 1, NULL, NULL),
	(NULL, 'Bartłomiej', 'Kowalczyk', 'M', '987654321', 'bartlomiej.kowalczyk@example.com', 'ul. Wrocławska 9', '50-123', 'Wrocław', 2, 1, NULL, NULL),
	(NULL, 'Czesław', 'Nowak', 'M', '456123789', 'czeslaw.nowak@example.com', 'ul. Mickiewicza 6', '30-123', 'Kraków', 3, 1, NULL, NULL),
	(NULL, 'Dorota', 'Kaczmarek', 'F', '789123456', 'dorota.kaczmarek@example.com', 'ul. Książąt Pomorskich 5', '70-123', 'Szczecin', 4, 1, NULL, NULL),
	(NULL, 'Ewa', 'Szymańska', 'F', '654789123', 'ewa.szczepanska@example.com', 'ul. Konopnickiej 8', '90-123', 'Łódź', 1, 1, NULL, NULL),
	(NULL, 'Filip', 'Adamczyk', 'M', '789456123', 'filip.adamczyk@example.com', 'ul. Piłsudskiego 3', '20-123', 'Lublin', 2, 1, NULL, NULL),
	(NULL, 'Gabriela', 'Wójcik', 'F', '321654987', 'gabriela.wojcik@example.com', 'ul. Leśna 7', '10-123', 'Olsztyn', 3, 1, NULL, NULL),
	(NULL, 'Henryk', 'Kamiński', 'M', '987321654', 'henryk.kaminski@example.com', 'ul. Czarnieckiego 2', '80-123', 'Gdańsk', 4, 1, NULL, NULL),
	(NULL, 'Izabela', 'Lewandowska', 'F', '456789123', 'izabela.lewandowska@example.com', 'ul. Słowackiego 11', '50-123', 'Wrocław', 1, 1, NULL, NULL),
	(NULL, 'Filip', 'Olejniczak', 'M', '579312562', 'filip.olejniczak@example.com', 'ul. Jasna 3', '00-001', 'Warszawa', 2, 1, NULL, NULL),
	(NULL, 'Patrycja', 'Krawczyk', 'F', '517961168', 'patrycja.krawczyk@example.com', 'ul. Cicha 7', '20-002', 'Lublin', 3, 1, NULL, NULL),
	(NULL, 'Mikołaj', 'Szymański', 'M', '782593618', 'mikolaj.szymanski@example.com', 'ul. Wodna 12', '80-003', 'Gdańsk', 1, 1, NULL, NULL),
	(NULL, 'Kamila', 'Jankowska', 'F', '576219802', 'kamila.jankowska@example.com', 'ul. Miodowa 5', '10-004', 'Warszawa', 4, 2, NULL, NULL),
	(NULL, 'Mateusz', 'Kaczmarek', 'M', '737126202', 'mateusz.kaczmarek@example.com', 'ul. Łąkowa 2', '60-005', 'Poznań', 3, 1, NULL, NULL),
	(NULL, 'Agata', 'Michalska', 'F', '628467573', 'agata.michalska@example.com', 'ul. Krótka 7', '70-006', 'Szczecin', 2, 1, NULL, NULL),
	(NULL, 'Krzysztof', 'Mazur', 'M', '570104875', 'krzysztof.mazur@example.com', 'ul. Zielona 13', '50-007', 'Wrocław', 1, 1, NULL, NULL),
	(NULL, 'Karolina', 'Adamczyk', 'F', '584903347', 'karolina.adamczyk@example.com', 'ul. Wąska 4', '30-008', 'Kraków', 4, 2, NULL, NULL),
	(NULL, 'Paweł', 'Kalinowski', 'M', '661496149', 'pawel.kalinowski@example.com', 'ul. Słoneczna 6', '40-009', 'Katowice', 2, 1, NULL, NULL),
	(NULL, 'Katarzyna', 'Pawlak', 'F', '724865461', 'katarzyna.pawlak@example.com', 'ul. Kwiatowa 10', '90-010', 'Łódź', 1, 1, NULL, NULL),
	(NULL, 'Jakub', 'Kowalczyk', 'M', '523675948', 'jakub.kowalczyk@example.com', 'ul. Powstańców Wielkopolskich 11', '61-900', 'Poznań', 1, 1, NULL, NULL),
	(NULL, 'Zofia', 'Nowak', 'F', '603542777', 'zofia.nowak@example.com', 'ul. Piękna 22', '00-678', 'Warszawa', 2, 1, NULL, NULL),
	(NULL, 'Piotr', 'Wójcik', 'M', '518667443', 'piotr.wojcik@example.com', 'ul. Kaczeńce 3', '30-981', 'Kraków', 3, 1, NULL, NULL),
	(NULL, 'Maria', 'Sobczak', 'F', '532432611', 'maria.sobczak@example.com', 'ul. Mickiewicza 8', '80-323', 'Gdańsk', 4, 1, NULL, NULL),
	(NULL, 'Filip', 'Lewandowski', 'M', '502985441', 'filip.lewandowski@example.com', 'ul. Zielona 6', '40-041', 'Katowice', 2, 1, NULL, NULL),
	(NULL, 'Alicja', 'Jasińska', 'F', '789234892', 'alicja.jasinska@example.com', 'ul. Piastowska 12', '02-722', 'Warszawa', 1, 1, NULL, NULL),
	(NULL, 'Adam', 'Kaczmarek', 'M', '601347356', 'adam.kaczmarek@example.com', 'ul. 3 Maja 16', '61-757', 'Poznań', 3, 1, NULL, NULL);

INSERT INTO Donations (ID_Donation, Donation_Date, Next_Possible_Donation, DonationQuantity, ID_Patient, ID_Staff, ID_Institution) VALUES        
		(NULL,  '2023-01-02 09:15:01',  NULL, 450, 15, 3,  1),
		(NULL,  '2023-01-02 09:30:01',  NULL, 450, 20, 5,  1),
		(NULL,  '2023-01-02 09:45:01',  NULL, 450, 1, 5,  2),
		(NULL,  '2023-01-02 10:00:01',  NULL, 450, 3, 4,  1),
		(NULL,  '2023-01-02 10:15:01',  NULL, 450, 16, 1,  2),
		(NULL,  '2023-01-02 10:30:01',  NULL, 450, 21, 1,  1),
		(NULL,  '2023-01-02 10:45:01',  NULL, 450, 2, 5,  2),
		(NULL,  '2023-01-02 11:00:01',  NULL, 450, 4, 1,  1),
		(NULL,  '2023-01-02 11:15:01',  NULL, 450, 17, 4,  1),
		(NULL,  '2023-01-02 11:30:01',  NULL, 450, 22, 1,  2),
		(NULL,  '2023-01-02 11:45:01',  NULL, 450, 5, 3,  1),
		(NULL,  '2023-01-02 12:00:01',  NULL, 450, 9, 2,  1),
		(NULL,  '2023-01-02 12:15:01',  NULL, 450, 54, 5,  2),
		(NULL,  '2023-01-02 12:30:01',  NULL, 450, 33, 3,  1),
		(NULL,  '2023-01-03 09:15:01',  NULL, 450, 31, 4,  1),
		(NULL,  '2023-01-03 09:30:01',  NULL, 450, 6, 4,  1),
		(NULL,  '2023-01-03 09:45:01',  NULL, 450, 90, 1,  2),
		(NULL,  '2023-01-03 10:00:01',  NULL, 450, 84, 5,  1),
		(NULL,  '2023-01-03 10:15:01',  NULL, 450, 74, 3,  2),
		(NULL,  '2023-01-03 10:30:01',  NULL, 450, 38, 5,  2),
		(NULL,  '2023-01-03 10:45:01',  NULL, 450, 39, 1,  1),
		(NULL,  '2023-01-03 11:00:01',  NULL, 450, 34, 4,  1),
		(NULL,  '2023-01-03 11:15:01',  NULL, 450, 95, 5,  1),
		(NULL,  '2023-01-03 11:30:01',  NULL, 450, 120, 2,  2),
		(NULL,  '2023-01-03 11:45:01',  NULL, 450, 71, 2,  1),
		(NULL,  '2023-01-03 12:00:01',  NULL, 450, 43, 2,  2),
		(NULL,  '2023-01-03 12:15:01',  NULL, 450, 66, 4,  2),
		(NULL,  '2023-01-03 12:30:01',  NULL, 450, 69, 2,  2),
		(NULL,  '2023-01-03 12:45:01',  NULL, 450, 87, 3,  2),
		(NULL,  '2023-01-03 13:00:01',  NULL, 450, 64, 1,  1),
		(NULL,  '2023-01-03 13:15:01',  NULL, 450, 37, 5,  2),
		(NULL,  '2023-01-03 13:30:01',  NULL, 450, 81, 2,  2),
		(NULL,  '2023-01-03 13:45:01',  NULL, 450, 98, 1,  2),
		(NULL,  '2023-01-03 14:00:01',  NULL, 450, 25, 4,  1),
		(NULL,  '2023-01-03 14:15:01',  NULL, 450, 96, 2,  1),
		(NULL,  '2023-01-04 09:15:01',  NULL, 450, 103, 3,  2),
		(NULL,  '2023-01-04 09:30:01',  NULL, 450, 105, 5,  1),
		(NULL,  '2023-01-04 09:45:01',  NULL, 450, 28, 2,  1),
		(NULL,  '2023-01-04 10:00:01',  NULL, 450, 45, 4,  1),
		(NULL,  '2023-01-04 10:15:01',  NULL, 450, 51, 1,  2),
		(NULL,  '2023-01-04 10:30:01',  NULL, 450, 52, 2,  1),
		(NULL,  '2023-01-04 10:45:01',  NULL, 450, 55, 1,  2),
		(NULL,  '2023-01-04 11:00:01',  NULL, 450, 67, 3,  1),
		(NULL,  '2023-01-05 09:15:01',  NULL, 450, 72, 4,  2),
		(NULL,  '2023-01-05 09:30:01',  NULL, 450, 85, 4,  2),
		(NULL,  '2023-01-05 09:45:01',  NULL, 450, 18, 4,  2),
		(NULL,  '2023-01-05 10:00:01',  NULL, 450, 23, 3,  1),
		(NULL,  '2023-01-05 10:15:01',  NULL, 450, 40, 4,  2),
		(NULL,  '2023-01-05 10:30:01',  NULL, 450, 30, 4,  2),
		(NULL,  '2023-01-05 10:45:01',  NULL, 450, 32, 1,  2),
		(NULL,  '2023-01-05 11:00:01',  NULL, 450, 8, 3,  2),
		(NULL,  '2023-01-05 11:15:01',  NULL, 450, 10, 1,  1),
		(NULL,  '2023-01-05 11:30:01',  NULL, 450, 93, 2,  1),
		(NULL,  '2023-01-05 11:45:01',  NULL, 450, 73, 4,  1),
		(NULL,  '2023-01-05 12:00:01',  NULL, 450, 88, 1,  1),
		(NULL,  '2023-01-05 12:15:01',  NULL, 450, 11, 1,  2),
		(NULL,  '2023-01-06 09:15:01',  NULL, 450, 7, 4,  1),
		(NULL,  '2023-01-06 09:30:01',  NULL, 450, 29, 5,  1),
		(NULL,  '2023-01-06 09:45:01',  NULL, 450, 35, 4,  1),
		(NULL,  '2023-01-06 10:00:01',  NULL, 450, 47, 1,  1),
		(NULL,  '2023-01-06 10:15:01',  NULL, 450, 99, 2,  1),
		(NULL,  '2023-01-06 10:30:01',  NULL, 450, 125, 1,  1),
		(NULL,  '2023-01-06 10:45:01',  NULL, 450, 126, 4,  1),
		(NULL,  '2023-01-09 09:15:01',  NULL, 450, 118, 1,  1),
		(NULL,  '2023-01-09 09:30:01',  NULL, 450, 50, 1,  2),
		(NULL,  '2023-01-09 09:45:01',  NULL, 450, 70, 1,  2),
		(NULL,  '2023-01-09 10:00:01',  NULL, 450, 80, 1,  1),
		(NULL,  '2023-01-09 10:15:01',  NULL, 450, 82, 1,  1),
		(NULL,  '2023-01-09 10:30:01',  NULL, 450, 60, 3,  1),
		(NULL,  '2023-01-09 10:45:01',  NULL, 450, 65, 1,  2),
		(NULL,  '2023-01-09 11:00:01',  NULL, 450, 63, 5,  1),
		(NULL,  '2023-01-09 11:15:01',  NULL, 450, 26, 3,  2),
		(NULL,  '2023-01-09 11:30:01',  NULL, 450, 24, 5,  2),
		(NULL,  '2023-01-09 11:45:01',  NULL, 450, 27, 1,  2),
		(NULL,  '2023-01-09 12:00:01',  NULL, 450, 36, 3,  1),
		(NULL,  '2023-01-10 09:15:01',  NULL, 450, 124, 1,  1),
		(NULL,  '2023-01-10 09:30:01',  NULL, 450, 41, 3,  1),
		(NULL,  '2023-01-10 09:45:01',  NULL, 450, 42, 2,  2),
		(NULL,  '2023-01-10 10:00:01',  NULL, 450, 115, 3,  1),
		(NULL,  '2023-01-10 10:15:01',  NULL, 450, 44, 4,  2),
		(NULL,  '2023-01-10 10:30:01',  NULL, 450, 116, 1,  2),
		(NULL,  '2023-01-10 10:45:01',  NULL, 450, 46, 1,  2),
		(NULL,  '2023-01-10 11:00:01',  NULL, 450, 117, 5,  1),
		(NULL,  '2023-01-10 11:15:01',  NULL, 450, 48, 1,  1),
		(NULL,  '2023-01-11 09:15:01',  NULL, 450, 49, 1,  1),
		(NULL,  '2023-01-11 09:30:01',  NULL, 450, 112, 3,  2),
		(NULL,  '2023-01-11 09:45:01',  NULL, 450, 113, 3,  1),
		(NULL,  '2023-01-11 10:00:01',  NULL, 450, 119, 3,  2),
		(NULL,  '2023-01-11 10:15:01',  NULL, 450, 53, 3,  2),
		(NULL,  '2023-01-11 10:30:01',  NULL, 450, 114, 3,  1),
		(NULL,  '2023-01-11 10:45:01',  NULL, 450, 75, 3,  1),
		(NULL,  '2023-01-11 11:00:01',  NULL, 450, 56, 2,  2),
		(NULL,  '2023-01-11 11:15:01',  NULL, 450, 57, 4,  2),
		(NULL,  '2023-01-11 11:30:01',  NULL, 450, 58, 1,  1),
		(NULL,  '2023-01-11 11:45:01',  NULL, 450, 59, 2,  1),
		(NULL,  '2023-01-12 09:15:01',  NULL, 450, 76, 2,  1),
		(NULL,  '2023-01-12 09:30:01',  NULL, 450, 61, 1,  2),
		(NULL,  '2023-01-12 09:45:01',  NULL, 450, 62, 4,  1),
		(NULL,  '2023-01-12 10:00:01',  NULL, 450, 77, 1,  2),
		(NULL,  '2023-01-13 09:15:01',  NULL, 450, 78, 2,  2),
		(NULL,  '2023-01-13 09:30:01',  NULL, 450, 79, 4,  1),
		(NULL,  '2023-01-13 09:45:01',  NULL, 450, 101, 2,  1),
		(NULL,  '2023-01-13 10:00:01',  NULL, 450, 100, 2,  1),
		(NULL,  '2023-01-13 10:15:01',  NULL, 450, 68, 4,  2),
		(NULL,  '2023-01-13 10:30:01',  NULL, 450, 102, 5,  1),
		(NULL,  '2023-01-16 09:15:01',  NULL, 450, 83, 5,  2),
		(NULL,  '2023-01-16 09:30:01',  NULL, 450, 122, 3,  2),
		(NULL,  '2023-01-16 09:45:01',  NULL, 450, 104, 3,  2),
		(NULL,  '2023-01-16 10:00:01',  NULL, 450, 86, 4,  2),
		(NULL,  '2023-01-16 10:15:01',  NULL, 450, 121, 3,  1),
		(NULL,  '2023-01-16 10:30:01',  NULL, 450, 106, 4,  2),
		(NULL,  '2023-01-17 09:15:01',  NULL, 450, 89, 4,  2),
		(NULL,  '2023-01-17 09:30:01',  NULL, 450, 107, 1,  2),
		(NULL,  '2023-01-17 09:45:01',  NULL, 450, 91, 4,  1),
		(NULL,  '2023-01-17 10:00:01',  NULL, 450, 92, 2,  2),
		(NULL,  '2023-01-17 10:15:01',  NULL, 450, 108, 3,  2),
		(NULL,  '2023-01-17 10:30:01',  NULL, 450, 94, 5,  1),
		(NULL,  '2023-01-17 10:45:01',  NULL, 450, 109, 4,  1),
		(NULL,  '2023-01-18 09:15:01',  NULL, 450, 110, 5,  2),
		(NULL,  '2023-01-18 09:30:01',  NULL, 450, 97, 1,  2),
		(NULL,  '2023-01-18 09:45:01',  NULL, 450, 111, 3,  1),
		(NULL,  '2023-01-18 10:00:01',  NULL, 450, 123, 1,  2),
		(NULL,  '2023-01-18 10:15:01',  NULL, 450, 12, 4,  2),
		(NULL,  '2023-01-18 10:30:01',  NULL, 450, 13, 1,  2),
		(NULL,  '2023-01-18 10:45:01',  NULL, 450, 14, 5,  1),
		(NULL,  '2023-01-18 11:00:01',  NULL, 450, 19, 4,  2),
		(NULL,  '2023-01-20 09:15:01',  NULL, 450, 127, 1,  1),
		(NULL,  '2023-01-20 09:30:01',  NULL, 450, 130, 5,  2),
		(NULL,  '2023-01-20 09:45:01',  NULL, 450, 128, 1,  2),
		(NULL,  '2023-01-20 10:00:01',  NULL, 450, 129, 5,  1),
		(NULL,  '2023-01-23 09:15:01',  NULL, 450, 131, 4,  2),
		(NULL,  '2023-01-23 09:30:01',  NULL, 450, 133, 2,  1),
		(NULL,  '2023-01-23 09:45:01',  NULL, 450, 132, 5,  2),
		(NULL,  '2023-01-23 10:00:01',  NULL, 450, 134, 1,  2),
		(NULL,  '2023-01-23 10:15:01',  NULL, 450, 135, 4,  1),
		(NULL,  '2023-01-24 09:15:01',  NULL, 450, 137, 3,  2),
		(NULL,  '2023-01-24 09:30:01',  NULL, 450, 136, 1,  1),
		(NULL,  '2023-01-24 09:45:01',  NULL, 450, 138, 4,  2),
		(NULL,  '2023-01-24 10:00:01',  NULL, 450, 139, 3,  1),
		(NULL,  '2023-01-24 10:15:01',  NULL, 450, 140, 5,  1),
		(NULL,  '2023-01-24 10:30:01',  NULL, 450, 141, 1,  2),
		(NULL,  '2023-01-24 10:45:01',  NULL, 450, 142, 2,  2),
		(NULL,  '2023-01-25 09:15:01',  NULL, 450, 143, 1,  1),
		(NULL,  '2023-01-25 09:30:01',  NULL, 450, 144, 2,  2),
		(NULL,  '2023-01-25 09:45:01',  NULL, 450, 150, 5,  2),
		(NULL,  '2023-01-25 10:00:01',  NULL, 450, 152, 4,  1),
		(NULL,  '2023-01-25 10:15:01',  NULL, 450, 153, 1,  2),
		(NULL,  '2023-01-26 09:15:01',  NULL, 450, 155, 3,  2),
		(NULL,  '2023-01-26 09:30:01',  NULL, 450, 156, 5,  1),
		(NULL,  '2023-01-30 09:15:01',  NULL, 450, 145, 5,  2),
		(NULL,  '2023-01-30 09:30:01',  NULL, 450, 146, 3,  1),
		(NULL,  '2023-01-30 09:45:01',  NULL, 450, 148, 2,  2),
		(NULL,  '2023-01-30 10:00:01',  NULL, 450, 147, 5,  2),
		(NULL,  '2023-01-30 10:15:01',  NULL, 450, 151, 3,  1),
		(NULL,  '2023-02-01 09:15:01',  NULL, 450, 154, 1,  2),
		(NULL,  '2023-02-01 09:30:01',  NULL, 450, 160, 2,  1),
		(NULL,  '2023-02-01 09:45:01',  NULL, 450, 161, 2,  2),
		(NULL,  '2023-02-01 10:00:01',  NULL, 450, 162, 4,  1),
		(NULL,  '2023-02-01 10:15:01',  NULL, 450, 157, 2,  2),
		(NULL,  '2023-02-02 09:15:01',  NULL, 450, 163, 2,  2),
		(NULL,  '2023-02-02 09:30:01',  NULL, 450, 158, 1,  2),
		(NULL,  '2023-02-02 09:45:01',  NULL, 450, 159, 5,  1),
		(NULL,  '2023-02-06 09:15:01',  NULL, 450, 164, 2,  2),
		(NULL,  '2023-02-06 09:30:01',  NULL, 450, 165, 2,  1),
		(NULL,  '2023-02-06 09:45:01',  NULL, 450, 167, 2,  2),
		(NULL,  '2023-02-08 09:15:01',  NULL, 450, 168, 5,  2),
		(NULL,  '2023-02-09 09:15:01',  NULL, 450, 169, 5,  2),
		(NULL,  '2023-02-09 09:30:01',  NULL, 450, 170, 2,  2),
		(NULL,  '2023-02-09 09:45:01',  NULL, 450, 171, 2,  1),
		(NULL,  '2023-02-13 09:15:01',  NULL, 450, 172, 5,  2),
		(NULL,  '2023-02-13 09:30:01',  NULL, 450, 173, 2,  1),
		(NULL,  '2023-02-13 09:45:01',  NULL, 450, 174, 2,  2),
		(NULL,  '2023-02-14 09:15:01',  NULL, 450, 175, 3,  2),
		(NULL,  '2023-02-15 09:15:01',  NULL, 450, 176, 5,  2),
		(NULL,  '2023-02-21 09:15:01',  NULL, 450, 177, 5,  1),
		(NULL,  '2023-02-21 09:30:01',  NULL, 450, 178, 5,  2),
		(NULL,  '2023-02-21 09:45:01',  NULL, 450, 179, 4,  2),
		(NULL,  '2023-02-22 09:15:01',  NULL, 450, 180, 5,  2),
		(NULL,  '2023-02-22 09:30:01',  NULL, 450, 181, 3,  1),
		(NULL,  '2023-02-22 09:45:01',  NULL, 450, 182, 2,  2),
		(NULL,  '2023-02-22 10:00:01',  NULL, 450, 183, 2,  2),
		(NULL,  '2023-02-24 09:15:01',  NULL, 450, 184, 4,  2),
		(NULL,  '2023-02-24 09:30:01',  NULL, 450, 185, 2,  2),
		(NULL,  '2023-02-24 09:45:01',  NULL, 450, 186, 3,  1),
		(NULL,  '2023-02-24 10:00:01',  NULL, 450, 187, 4,  2),
		(NULL,  '2023-02-24 10:15:01',  NULL, 450, 188, 1,  2),
		(NULL,  '2023-02-24 10:30:01',  NULL, 450, 189, 4,  1),
		(NULL,  '2023-02-24 10:45:01',  NULL, 450, 190, 4,  2),
		(NULL,  '2023-02-27 09:15:01',  NULL, 450, 191, 1,  2),
		(NULL,  '2023-02-27 09:30:01',  NULL, 450, 192, 3,  1),
		(NULL,  '2023-02-27 09:45:01',  NULL, 450, 193, 3,  1),
		(NULL,  '2023-02-27 10:00:01',  NULL, 450, 15, 2,  1),
		(NULL,  '2023-02-27 10:15:01',  NULL, 450, 20, 5,  2),
		(NULL,  '2023-02-28 09:15:01',  NULL, 450, 31, 3,  1),
		(NULL,  '2023-02-28 09:30:01',  NULL, 450, 194, 2,  2),
		(NULL,  '2023-02-28 09:45:01',  NULL, 450, 195, 2,  1),
		(NULL,  '2023-02-28 10:00:01',  NULL, 450, 196, 1,  2),
		(NULL,  '2023-02-28 10:15:01',  NULL, 450, 6, 2,  2),
		(NULL,  '2023-02-28 10:30:01',  NULL, 450, 1, 1,  1),
		(NULL,  '2023-02-28 10:45:01',  NULL, 450, 197, 3,  1),
		(NULL,  '2023-02-28 11:00:01',  NULL, 450, 90, 3,  1),
		(NULL,  '2023-02-28 11:15:01',  NULL, 450, 198, 1,  2),
		(NULL,  '2023-03-01 09:15:01',  NULL, 450, 3, 5,  1),
		(NULL,  '2023-03-01 09:30:01',  NULL, 450, 199, 2,  2),
		(NULL,  '2023-03-01 09:45:01',  NULL, 450, 84, 4,  2),
		(NULL,  '2023-03-01 10:00:01',  NULL, 450, 200, 3,  2),
		(NULL,  '2023-03-01 10:15:01',  NULL, 450, 16, 1,  2),
		(NULL,  '2023-03-02 09:30:01',  NULL, 450, 2, 4,  1),
		(NULL,  '2023-03-02 09:45:01',  NULL, 450, 74, 3,  1),
		(NULL,  '2023-03-02 10:30:01',  NULL, 450, 39, 4,  1),
		(NULL,  '2023-03-02 11:30:01',  NULL, 450, 21, 5,  1),
		(NULL,  '2023-03-03 09:30:01',  NULL, 450, 38, 1,  2),
		(NULL,  '2023-03-03 10:15:01',  NULL, 450, 4, 5,  1),
		(NULL,  '2023-03-03 10:30:01',  NULL, 450, 32, 1,  2),
		(NULL,  '2023-03-03 10:45:01',  NULL, 450, 67, 2,  2),
		(NULL,  '2023-03-03 11:00:01',  NULL, 450, 103, 5,  2),
		(NULL,  '2023-03-03 11:15:01',  NULL, 450, 120, 4,  1),
		(NULL,  '2023-03-03 11:30:01',  NULL, 450, 30, 4,  2),
		(NULL,  '2023-03-06 09:15:01',  NULL, 450, 17, 2,  2),
		(NULL,  '2023-03-06 09:30:01',  NULL, 450, 71, 4,  2),
		(NULL,  '2023-03-06 09:45:01',  NULL, 450, 66, 3,  2),
		(NULL,  '2023-03-06 10:00:01',  NULL, 450, 43, 3,  1),
		(NULL,  '2023-03-06 10:15:01',  NULL, 450, 105, 4,  2),
		(NULL,  '2023-03-06 10:30:01',  NULL, 450, 125, 1,  2),
		(NULL,  '2023-03-06 10:45:01',  NULL, 450, 28, 4,  1),
		(NULL,  '2023-03-06 11:00:01',  NULL, 450, 45, 5,  1),
		(NULL,  '2023-03-06 11:15:01',  NULL, 450, 96, 1,  1),
		(NULL,  '2023-03-06 11:30:01',  NULL, 450, 54, 2,  2),
		(NULL,  '2023-03-06 11:45:01',  NULL, 450, 64, 1,  1),
		(NULL,  '2023-03-06 12:00:01',  NULL, 450, 33, 5,  2),
		(NULL,  '2023-03-06 12:15:01',  NULL, 450, 69, 2,  2),
		(NULL,  '2023-03-06 12:30:01',  NULL, 450, 25, 4,  2),
		(NULL,  '2023-03-07 09:15:01',  NULL, 450, 98, 4,  2),
		(NULL,  '2023-03-07 09:30:01',  NULL, 450, 37, 2,  1),
		(NULL,  '2023-03-07 09:45:01',  NULL, 450, 34, 3,  2),
		(NULL,  '2023-03-07 10:00:01',  NULL, 450, 22, 5,  2),
		(NULL,  '2023-03-07 10:15:01',  NULL, 450, 9, 2,  2),
		(NULL,  '2023-03-07 10:30:01',  NULL, 450, 81, 1,  1),
		(NULL,  '2023-03-07 10:45:01',  NULL, 450, 87, 4,  1),
		(NULL,  '2023-03-07 11:00:01',  NULL, 450, 95, 4,  2),
		(NULL,  '2023-03-07 11:15:01',  NULL, 450, 51, 4,  1),
		(NULL,  '2023-03-07 11:30:01',  NULL, 450, 8, 4,  1),
		(NULL,  '2023-03-07 11:45:01',  NULL, 450, 10, 3,  1),
		(NULL,  '2023-03-07 12:00:01',  NULL, 450, 52, 3,  2),
		(NULL,  '2023-03-07 12:15:01',  NULL, 450, 11, 2,  1),
		(NULL,  '2023-03-07 12:30:01',  NULL, 450, 7, 4,  2),
		(NULL,  '2023-03-08 09:15:01',  NULL, 450, 99, 5,  1),
		(NULL,  '2023-03-08 09:30:01',  NULL, 450, 126, 2,  2),
		(NULL,  '2023-03-08 09:45:01',  NULL, 450, 55, 3,  2),
		(NULL,  '2023-03-08 10:00:01',  NULL, 450, 72, 3,  2),
		(NULL,  '2023-03-08 10:15:01',  NULL, 450, 93, 4,  1),
		(NULL,  '2023-03-08 10:30:01',  NULL, 450, 88, 1,  2),
		(NULL,  '2023-03-08 10:45:01',  NULL, 450, 85, 3,  2),
		(NULL,  '2023-03-08 11:00:01',  NULL, 450, 73, 2,  1),
		(NULL,  '2023-03-08 11:15:01',  NULL, 450, 18, 5,  1),
		(NULL,  '2023-03-09 09:15:01',  NULL, 450, 29, 1,  1),
		(NULL,  '2023-03-09 09:30:01',  NULL, 450, 47, 5,  2),
		(NULL,  '2023-03-09 09:45:01',  NULL, 450, 35, 5,  1),
		(NULL,  '2023-03-10 09:15:01',  NULL, 450, 23, 5,  2),
		(NULL,  '2023-03-10 09:30:01',  NULL, 450, 40, 4,  2),
		(NULL,  '2023-03-10 09:45:01',  NULL, 450, 118, 3,  2),
		(NULL,  '2023-03-10 10:00:01',  NULL, 450, 50, 3,  2),
		(NULL,  '2023-03-10 10:15:01',  NULL, 450, 27, 5,  1),
		(NULL,  '2023-03-10 10:30:01',  NULL, 450, 36, 2,  2),
		(NULL,  '2023-03-10 10:45:01',  NULL, 450, 76, 1,  2),
		(NULL,  '2023-03-13 09:15:01',  NULL, 450, 101, 3,  2),
		(NULL,  '2023-03-13 09:30:01',  NULL, 450, 61, 1,  1),
		(NULL,  '2023-03-13 09:45:01',  NULL, 450, 102, 5,  1),
		(NULL,  '2023-03-13 10:00:01',  NULL, 450, 77, 1,  2),
		(NULL,  '2023-03-13 10:15:01',  NULL, 450, 62, 2,  1),
		(NULL,  '2023-03-14 09:15:01',  NULL, 450, 78, 4,  1),
		(NULL,  '2023-03-14 09:30:01',  NULL, 450, 79, 4,  1),
		(NULL,  '2023-03-14 09:45:01',  NULL, 450, 68, 5,  2),
		(NULL,  '2023-03-14 10:00:01',  NULL, 450, 100, 5,  1),
		(NULL,  '2023-03-14 10:15:01',  NULL, 450, 24, 4,  2),
		(NULL,  '2023-03-14 10:30:01',  NULL, 450, 70, 5,  1),
		(NULL,  '2023-03-14 10:45:01',  NULL, 450, 26, 4,  2),
		(NULL,  '2023-03-14 11:00:01',  NULL, 450, 80, 1,  2),
		(NULL,  '2023-03-14 11:15:01',  NULL, 450, 82, 3,  2),
		(NULL,  '2023-03-14 11:30:01',  NULL, 450, 63, 2,  1),
		(NULL,  '2023-03-15 09:15:01',  NULL, 450, 65, 3,  2),
		(NULL,  '2023-03-15 09:30:01',  NULL, 450, 60, 5,  2),
		(NULL,  '2023-03-15 09:45:01',  NULL, 450, 115, 2,  1),
		(NULL,  '2023-03-15 10:00:01',  NULL, 450, 44, 4,  2),
		(NULL,  '2023-03-15 10:15:01',  NULL, 450, 41, 4,  2),
		(NULL,  '2023-03-15 10:30:01',  NULL, 450, 112, 2,  1),
		(NULL,  '2023-03-15 10:45:01',  NULL, 450, 116, 5,  1),
		(NULL,  '2023-03-15 11:00:01',  NULL, 450, 46, 3,  1),
		(NULL,  '2023-03-15 11:15:01',  NULL, 450, 119, 2,  2),
		(NULL,  '2023-03-15 11:30:01',  NULL, 450, 42, 4,  1),
		(NULL,  '2023-03-15 11:45:01',  NULL, 450, 124, 2,  2),
		(NULL,  '2023-03-15 12:00:01',  NULL, 450, 117, 1,  2),
		(NULL,  '2023-03-15 12:15:01',  NULL, 450, 48, 4,  2),
		(NULL,  '2023-03-16 09:15:01',  NULL, 450, 83, 5,  2),
		(NULL,  '2023-03-16 09:30:01',  NULL, 450, 122, 2,  1),
		(NULL,  '2023-03-16 09:45:01',  NULL, 450, 104, 4,  2),
		(NULL,  '2023-03-16 10:00:01',  NULL, 450, 49, 2,  2),
		(NULL,  '2023-03-16 10:15:01',  NULL, 450, 113, 1,  2),
		(NULL,  '2023-03-16 10:30:01',  NULL, 450, 75, 4,  1),
		(NULL,  '2023-03-16 10:45:01',  NULL, 450, 94, 5,  1),
		(NULL,  '2023-03-16 11:00:01',  NULL, 450, 86, 5,  2),
		(NULL,  '2023-03-16 11:15:01',  NULL, 450, 121, 1,  1),
		(NULL,  '2023-03-16 11:30:01',  NULL, 450, 106, 4,  1),
		(NULL,  '2023-03-17 09:15:01',  NULL, 450, 111, 3,  1),
		(NULL,  '2023-03-17 09:30:01',  NULL, 450, 123, 2,  2),
		(NULL,  '2023-03-17 09:45:01',  NULL, 450, 89, 2,  1),
		(NULL,  '2023-03-17 10:00:01',  NULL, 450, 97, 1,  2),
		(NULL,  '2023-03-17 10:15:01',  NULL, 450, 107, 3,  1),
		(NULL,  '2023-03-17 10:30:01',  NULL, 450, 109, 2,  1),
		(NULL,  '2023-03-17 10:45:01',  NULL, 450, 92, 4,  2),
		(NULL,  '2023-03-17 11:00:01',  NULL, 450, 91, 3,  2),
		(NULL,  '2023-03-17 11:15:01',  NULL, 450, 108, 5,  1),
		(NULL,  '2023-03-17 11:30:01',  NULL, 450, 56, 2,  1),
		(NULL,  '2023-03-17 11:45:01',  NULL, 450, 57, 3,  1),
		(NULL,  '2023-03-17 12:00:01',  NULL, 450, 110, 1,  2),
		(NULL,  '2023-03-20 09:15:01',  NULL, 450, 58, 2,  1),
		(NULL,  '2023-03-20 09:30:01',  NULL, 450, 19, 1,  2),
		(NULL,  '2023-03-20 09:45:01',  NULL, 450, 59, 1,  2),
		(NULL,  '2023-03-20 10:00:01',  NULL, 450, 12, 3,  2),
		(NULL,  '2023-03-20 10:15:01',  NULL, 450, 53, 3,  2),
		(NULL,  '2023-03-20 10:30:01',  NULL, 450, 14, 3,  1),
		(NULL,  '2023-03-20 10:45:01',  NULL, 450, 13, 1,  2),
		(NULL,  '2023-03-20 11:00:01',  NULL, 450, 114, 2,  2);

INSERT INTO Recipients
	VALUES
		(NULL, 'Tom', 'House', 'M', '123456789', 'thouse@example.com', 'ul. Jeżynowa 12', '01-221', 'Warszawa', 1, 1),
		(NULL, 'Anna', 'Smith', 'F', '987654321', 'asmith@example.com', 'ul. Lipowa 5', '80-001', 'Gdańsk', 2, 1),
		(NULL, 'John', 'Doe', 'M', '555555555', 'jdoe@example.com', 'ul. Krótka 7', '50-001', 'Wrocław', 3, 2),
		(NULL, 'Jane', 'Doe', 'F', '666666666', 'jane.doe@example.com', 'ul. Słoneczna 3', '03-101', 'Warszawa', 2, 1),
		(NULL, 'John', 'Smith', 'M', '123456789', 'jsmith@example.com', 'ul. Lipowa 5', '00-001', 'Warszawa', 2, 1),
		(NULL, 'Jane', 'Doe', 'F', '987654321', 'jdoe@example.com', 'ul. Długa 15', '00-002', 'Kraków', 1, 2),
		(NULL, 'Adam', 'Herz', 'M', '111222333', 'akowalski@example.com', 'ul. Kwiatowa 10', '00-003', 'Poznań', 3, 2),
		(NULL, 'Jessica', 'Jones', 'F', '987654321', 'jjones@example.com', 'ul. Lipowa 5', '02-100', 'Warszawa', 2, 1),
		(NULL, 'Luke', 'Cage', 'M', '555123456', 'lcage@example.com', 'ul. Słoneczna 3', '03-010', 'Warszawa', 3, 1),
		(NULL, 'Danny', 'Rand', 'M', '111222333', 'drand@example.com', 'ul. Dzielna 8', '04-012', 'Warszawa', 1, 1),
		(NULL, 'Matt', 'Murdock', 'M', '222333444', 'mmurdock@example.com', 'ul. Wąska 7', '05-013', 'Warszawa', 2, 2),
		(NULL, 'Frank', 'Castle', 'M', '777888999', 'fcastle@example.com', 'ul. Krótka 10', '06-014', 'Warszawa', 3, 2),
		(NULL, 'Karen', 'Page', 'F', '444555666', 'kpage@example.com', 'ul. Ogrodowa 15', '07-015', 'Warszawa', 1, 2),
		(NULL, 'Jeri', 'Hogarth', 'F', '222444666', 'jhogarth@example.com', 'ul. Złota 2', '08-016', 'Warszawa', 1, 2),
		(NULL, 'Trish', 'Walker', 'F', '111444777', 'twalker@example.com', 'ul. Polna 4', '09-017', 'Warszawa', 2, 1),
		(NULL, 'Malcolm', 'Ducasse', 'M', '555888111', 'mducasse@example.com', 'ul. Wiejska 6', '10-018', 'Warszawa', 1, 1),
		(NULL, 'Jane', 'Smith', 'F', '987654321', 'janesmith@example.com', 'ul. Leśna 7', '50-500', 'Wrocław', 3, 1),
		(NULL, 'Bob', 'Johnson', 'M', '555111222', 'bobjohnson@example.com', 'ul. Słoneczna 3', '33-333', 'Kraków', 2, 1),
		(NULL, 'Alice', 'Williams', 'F', '111222333', 'alicewilliams@example.com', 'ul. Brzozowa 2', '44-444', 'Gdańsk', 4, 1),
		(NULL, 'James', 'Brown', 'M', '222333444', 'jamesbrown@example.com', 'ul. Dębowa 6', '22-222', 'Poznań', 3, 1),
		(NULL, 'Emily', 'Davis', 'F', '444555666', 'emilydavis@example.com', 'ul. Polna 8', '03-123', 'Warszawa', 2, 1),
		(NULL, 'Michael', 'Miller', 'M', '777888999', 'michaelmiller@example.com', 'ul. Topolowa 1', '60-600', 'Poznań', 1, 1),
		(NULL, 'Jessica', 'Wilson', 'F', '999888777', 'jessicawilson@example.com', 'ul. Piękna 5', '01-100', 'Warszawa', 4, 1),
		(NULL, 'David', 'Taylor', 'M', '123123123', 'davidtaylor@example.com', 'ul. Wiśniowa 2', '02-222', 'Warszawa', 1, 1),
		(NULL, 'Sarah', 'Anderson', 'F', '456456456', 'sarahanderson@example.com', 'ul. Szkolna 3', '50-100', 'Wrocław', 2, 1),
		(NULL, 'Emily', 'Davis', 'F', '123456789', 'emily.davis@example.com', '1234 Main St', '90210', 'Beverly Hills', 2, 2),
		(NULL, 'Alexander', 'Johnson', 'M', '234567890', 'alexander.johnson@example.com', '5678 Elm St', '60601', 'Chicago', 1, 2),
		(NULL, 'Madison', 'Lee', 'F', '345678901', 'madison.lee@example.com', '9101 Oak St', '77001', 'Houston', 3, 1),
		(NULL, 'William', 'Roberts', 'M', '456789012', 'william.roberts@example.com', '1234 Maple St', '90210', 'Beverly Hills', 2, 2),
		(NULL, 'Ella', 'Jackson', 'F', '567890123', 'ella.jackson@example.com', '5678 Cedar St', '60601', 'Chicago', 1, 2),
		(NULL, 'Benjamin', 'Harris', 'M', '678901234', 'benjamin.harris@example.com', '9101 Pine St', '77001', 'Houston', 3, 1),
		(NULL, 'Olivia', 'Brown', 'F', '789012345', 'olivia.brown@example.com', '1234 Oak St', '90210', 'Beverly Hills', 2, 2),
		(NULL, 'Michael', 'Taylor', 'M', '890123456', 'michael.taylor@example.com', '5678 Maple St', '60601', 'Chicago', 1, 2),
		(NULL, 'Sophia', 'Thomas', 'F', '901234567', 'sophia.thomas@example.com', '9101 Cedar St', '77001', 'Houston', 3, 1),
		(NULL, 'Daniel', 'Anderson', 'M', '012345678', 'daniel.anderson@example.com', '1234 Pine St', '90210', 'Beverly Hills', 2, 2);

INSERT INTO Transfusions
	VALUES
		(NULL, 1, 1, '2023-03-08 09:15:01', 450, 1, 5),
        (NULL, 119, 23, '2023-03-08 09:15:01', 450, 2, 2),
        (NULL, 7, 9, '2023-03-08 09:15:01', 450, 1, 5);